,mean,total,standard_deviation,min,max
get_random_image,0.5797419381141663,57.974193811416626,0.09278725681131277,0.5111567974090576,1.1138463020324707
