,mean,total,standard_deviation,min,max
get_random_image,0.8268757247924805,82.68757247924805,0.03507045187050898,0.8076536655426025,1.154383897781372
